Frame Number,Processing Time (seconds)
0,5.205942869186401
1,0.894439697265625
2,0.8886928558349609
3,0.8814420700073242
4,0.9115092754364014
5,1.20369291305542
6,1.3719196319580078
7,1.2885892391204834
8,0.8985421657562256
9,1.082873821258545
10,1.2462866306304932
11,0.885728120803833
12,0.9212067127227783
13,1.2393667697906494
14,1.4230849742889404
15,1.2903590202331543
16,0.9903924465179443
17,1.400562047958374
18,1.486957311630249
19,0.9549074172973633
20,0.8963160514831543
21,0.8833315372467041
22,0.8924226760864258
23,0.9060590267181396
24,0.9049234390258789
25,0.8939886093139648
26,0.9074511528015137
27,0.9100961685180664
28,0.9055640697479248
29,0.9032683372497559
30,1.3103806972503662
31,1.4010252952575684
32,1.1492791175842285
33,0.8881063461303711
34,0.9041671752929688
35,0.8879776000976562
36,0.8657858371734619
37,0.8940615653991699
38,0.9029765129089355
39,0.9140231609344482
40,0.901707649230957
41,0.8701741695404053
42,0.8770182132720947
43,1.0822057723999023
44,1.3865671157836914
45,1.4060282707214355
46,0.90000319480896
47,0.8931269645690918
48,0.8906331062316895
49,0.8994183540344238
50,0.8855254650115967
51,0.8797309398651123
52,0.9084410667419434
53,0.8734660148620605
54,0.887094259262085
55,0.8909568786621094
56,0.8951411247253418
57,1.2791650295257568
58,1.411867618560791
59,1.2388815879821777
60,0.8911159038543701
61,0.8922145366668701
62,0.8920612335205078
63,0.890735387802124
64,0.8842008113861084
65,0.8704245090484619
66,0.8982644081115723
67,0.8877947330474854
68,0.8952991962432861
69,0.8910980224609375
70,1.0826504230499268
71,1.387969970703125
72,1.422640085220337
73,0.9387438297271729
74,0.8888623714447021
75,0.8814058303833008
76,0.8836910724639893
77,0.8949062824249268
78,0.8870100975036621
79,0.9002680778503418
80,0.9031074047088623
81,0.8990702629089355
82,0.9031388759613037
83,0.8854901790618896
84,1.2545127868652344
85,1.3849766254425049
86,1.2113316059112549
87,0.8740932941436768
88,0.921461820602417
89,0.9073164463043213
90,0.8878931999206543
91,0.9048864841461182
92,0.9062461853027344
93,0.9086854457855225
94,0.8942201137542725
95,0.8876640796661377
96,0.8857097625732422
97,1.0198259353637695
98,1.3765783309936523
99,1.431206226348877
100,0.9137513637542725
101,0.8780860900878906
102,0.8904201984405518
103,0.9141793251037598
104,0.880800724029541
105,0.9052250385284424
106,0.8952085971832275
107,0.8837525844573975
108,0.9217627048492432
109,0.9029927253723145
110,0.8976733684539795
111,1.3168995380401611
112,2.235886573791504
113,3.1111085414886475
114,2.141573905944824
115,1.4450898170471191
116,1.0107307434082031
117,0.9379217624664307
118,0.9335758686065674
119,0.9142234325408936
120,0.9068801403045654
121,1.122323989868164
122,1.4076173305511475
123,1.3558473587036133
124,0.9190337657928467
125,0.9244704246520996
126,0.9219675064086914
127,0.8925445079803467
128,0.8965156078338623
129,0.895000696182251
130,0.9095382690429688
131,0.9004378318786621
132,0.8913552761077881
133,0.9048492908477783
134,0.9687018394470215
135,1.4143273830413818
136,1.449324369430542
137,0.968170166015625
138,0.9065892696380615
139,0.8917789459228516
140,0.9041380882263184
141,0.8991866111755371
142,0.8986306190490723
143,0.8978908061981201
144,0.9179980754852295
145,0.9175641536712646
146,0.9205043315887451
147,0.9156086444854736
148,1.3485360145568848
149,1.5358166694641113
150,1.1573817729949951
151,0.9751253128051758
152,1.024721622467041
153,1.1420607566833496
154,1.1075477600097656
155,1.11899995803833
156,1.0054845809936523
157,1.0585083961486816
158,0.9621491432189941
159,0.9415161609649658
160,1.5084073543548584
161,1.498659372329712
162,1.0255842208862305
163,0.9232826232910156
164,0.9077174663543701
165,0.9003393650054932
166,0.8941342830657959
167,0.8981010913848877
168,0.9085476398468018
169,0.892620325088501
170,0.8881335258483887
171,0.8968071937561035
172,0.9005370140075684
173,1.2251713275909424
174,1.4082000255584717
175,1.2841417789459229
176,0.8973655700683594
177,0.905524492263794
178,0.9011578559875488
179,0.8950438499450684
180,0.8984622955322266
181,0.9045982360839844
182,0.8946459293365479
183,0.8941876888275146
184,0.8992774486541748
185,0.9156405925750732
186,1.094297170639038
187,1.3673744201660156
188,1.427703857421875
189,0.8886706829071045
190,0.8808352947235107
191,0.8996305465698242
192,0.8970613479614258
193,0.8876690864562988
194,0.8961262702941895
195,0.8912670612335205
196,0.8963861465454102
197,0.8996806144714355
198,0.9132022857666016
199,0.8982090950012207
200,1.34149169921875
201,1.4044172763824463
202,1.044830083847046
203,0.9057936668395996
204,0.9095323085784912
205,0.9046816825866699
206,0.8977723121643066
207,0.9169611930847168
208,0.8971941471099854
209,0.8968603610992432
210,0.9019019603729248
211,0.8999545574188232
212,0.9007723331451416
213,1.2327837944030762
214,1.396873950958252
215,1.2950716018676758
216,0.9014074802398682
217,0.9048819541931152
218,0.9135494232177734
219,0.919964075088501
220,0.9029784202575684
221,0.9056568145751953
222,0.9023110866546631
223,0.9064257144927979
224,0.923351526260376
225,0.8967025279998779
226,1.0335114002227783
227,1.4095332622528076
228,1.4360761642456055
229,0.8877923488616943
230,0.903334379196167
231,0.9068567752838135
232,0.8969604969024658
233,0.8983299732208252
234,0.8930637836456299
235,0.9043617248535156
236,0.9646682739257812
237,1.424084186553955
238,1.4926562309265137
239,1.497211217880249
240,1.4681792259216309
241,1.03279709815979
242,0.9002220630645752
243,0.8990917205810547
244,0.922471284866333
245,0.9060561656951904
246,0.9018733501434326
247,0.9015870094299316
248,0.899360179901123
249,0.8976914882659912
250,0.8964741230010986
251,0.9093730449676514
252,1.208397626876831
253,1.386601209640503
254,1.3083553314208984
255,0.9108836650848389
256,0.9123642444610596
257,0.90230393409729
258,0.8992269039154053
259,0.8988790512084961
260,0.8943886756896973
261,0.8966395854949951
262,0.9020469188690186
263,0.9125378131866455
264,0.9099640846252441
265,1.0199522972106934
266,1.4062259197235107
267,1.4489929676055908
268,0.9416148662567139
269,0.9143095016479492
270,0.9050865173339844
271,0.9086897373199463
272,0.8978266716003418
273,0.8944728374481201
274,0.899904727935791
275,0.9232773780822754
276,0.8952455520629883
277,0.8876726627349854
278,0.9009072780609131
279,1.3213896751403809
280,1.4445271492004395
281,1.1135139465332031
282,0.9102342128753662
283,0.9097661972045898
284,0.9087686538696289
285,0.8895349502563477
286,0.8916194438934326
287,0.9176826477050781
288,0.9171767234802246
289,0.8962633609771729
290,0.9049026966094971
291,0.8916106224060059
292,1.1307687759399414
293,1.3855206966400146
294,1.276331901550293
295,0.9236805438995361
296,0.9025003910064697
297,0.9228010177612305
298,0.8982279300689697
299,0.8944113254547119
300,0.8954637050628662
301,0.9016757011413574
302,0.8930222988128662
303,0.9028332233428955
304,0.8995413780212402
305,1.058013677597046
306,1.405320167541504
307,1.377295970916748
308,0.9086854457855225
309,0.9077658653259277
310,0.9080674648284912
311,0.9045965671539307
312,0.9055297374725342
313,0.9080498218536377
314,0.9085168838500977
315,0.8972067832946777
316,0.8998837471008301
317,0.8874180316925049
318,0.9164309501647949
319,1.4030132293701172
320,1.4263856410980225
321,1.0283918380737305
322,0.9293975830078125
323,0.9264576435089111
324,0.9365222454071045
325,0.9225273132324219
326,0.9145243167877197
327,0.9010071754455566
328,0.9239394664764404
329,0.9029467105865479
330,0.926344633102417
331,0.9207112789154053
332,1.3418891429901123
333,1.4552111625671387
334,1.1096317768096924
335,0.9242980480194092
336,0.891291618347168
337,0.8938193321228027
338,0.902752161026001
339,0.9063324928283691
340,0.9081945419311523
341,0.9023594856262207
342,0.8898773193359375
343,0.906001091003418
344,0.9013333320617676
345,1.1582646369934082
346,1.3811113834381104
347,1.3198747634887695
348,0.8978424072265625
349,0.8961915969848633
350,0.9014723300933838
351,0.8899714946746826
352,0.9055807590484619
353,0.8801791667938232
354,0.896125316619873
355,0.9038784503936768
356,0.9035310745239258
357,0.9532921314239502
358,1.031285047531128
359,1.4002439975738525
360,1.4711880683898926
361,0.9154872894287109
362,0.960503339767456
363,0.9304883480072021
364,0.9147188663482666
365,0.9159817695617676
366,0.8931558132171631
367,0.9140541553497314
368,0.9065577983856201
369,0.8994483947753906
370,0.8861081600189209
371,0.9104475975036621
372,1.4253106117248535
373,1.4590609073638916
374,1.0343551635742188
375,0.911144495010376
376,0.9004511833190918
377,0.8991129398345947
378,0.907503604888916
379,0.8961915969848633
380,0.8955469131469727
381,0.9104666709899902
382,0.9193682670593262
383,0.9059720039367676
384,0.9235811233520508
385,1.2781381607055664
386,1.4252536296844482
387,1.0565540790557861
388,0.9019958972930908
389,0.9010660648345947
390,0.9120843410491943
391,0.9081947803497314
392,0.9081799983978271
393,0.897118330001831
394,0.904038667678833
395,0.8868811130523682
396,0.9199185371398926
397,0.894500732421875
398,1.216214895248413
399,1.4139666557312012
400,1.2910408973693848
401,0.8925726413726807
402,0.8978233337402344
403,0.8948891162872314
404,0.9088716506958008
405,0.902306318283081
406,0.9039320945739746
407,0.8910210132598877
408,0.8901128768920898
409,0.9056944847106934
410,0.9076666831970215
411,0.995145320892334
412,1.4060101509094238
413,1.4538166522979736
414,0.9748165607452393
415,0.9153745174407959
416,0.9164443016052246
417,0.948528528213501
418,0.8884525299072266
419,0.9030463695526123
420,0.9078323841094971
421,0.900334358215332
422,0.8983709812164307
423,0.8958563804626465
424,0.9031879901885986
425,1.322577953338623
426,1.479921817779541
427,1.0941777229309082
428,0.9180681705474854
429,0.9052941799163818
430,0.8832864761352539
431,0.8965599536895752
432,0.9068949222564697
433,0.8954136371612549
434,0.9068963527679443
435,0.8923161029815674
436,0.9002194404602051
437,0.9056129455566406
438,1.2031073570251465
439,1.3831815719604492
440,1.3034441471099854
441,0.8843626976013184
442,0.9046363830566406
443,0.9203903675079346
444,0.9030406475067139
445,0.8996758460998535
446,0.8891339302062988
447,0.924008846282959
448,0.9185793399810791
449,0.9205319881439209
450,0.9179604053497314
451,1.0715749263763428
452,1.3681941032409668
453,1.4434843063354492
454,0.91385817527771
455,0.8987197875976562
456,0.9112746715545654
457,0.9017257690429688
458,0.9228665828704834
459,0.9006106853485107
460,0.9234378337860107
461,0.9176273345947266
462,0.8982954025268555
463,0.9167978763580322
464,0.9269657135009766
465,1.4328782558441162
466,1.5195670127868652
467,1.5326497554779053
468,1.436018466949463
469,1.0898945331573486
470,0.8953680992126465
471,0.9229907989501953
472,0.9331438541412354
473,0.9154133796691895
474,0.9009826183319092
475,0.9083919525146484
476,0.9142704010009766
477,1.2346978187561035
478,1.3746483325958252
479,1.345191240310669
480,0.9060919284820557
481,0.8972406387329102
482,0.8917887210845947
483,0.8843338489532471
484,0.9013140201568604
485,0.9345691204071045
486,0.8994121551513672
487,0.9093146324157715
488,0.8982272148132324
489,0.9037017822265625
490,0.9877803325653076
491,1.3709683418273926
492,1.473036527633667
493,0.9956529140472412
494,0.9203274250030518
495,0.9059455394744873
496,0.9022574424743652
497,0.9174625873565674
498,0.8972773551940918
499,0.9156656265258789
500,0.9157419204711914
501,0.9072442054748535
502,0.9148294925689697
503,0.9112160205841064
504,1.3445754051208496
505,1.4302546977996826
506,1.1038291454315186
507,0.8997197151184082
508,0.9118797779083252
509,0.9136888980865479
510,0.8976764678955078
511,0.9013166427612305
512,0.9018199443817139
513,0.9130456447601318
514,0.8989772796630859
515,0.9217534065246582
516,0.8940796852111816
517,1.1574018001556396
518,1.4185731410980225
519,1.31699800491333
520,0.8982946872711182
521,0.9021241664886475
522,0.8896479606628418
523,0.8988547325134277
524,0.8904533386230469
525,0.8985595703125
526,0.8804850578308105
527,0.8955914974212646
528,0.9106957912445068
529,0.9022929668426514
530,1.000861644744873
531,1.3938803672790527
532,1.463623046875
533,0.9368381500244141
534,0.8981609344482422
535,0.901705265045166
536,0.923511266708374
537,0.9629554748535156
538,0.9046170711517334
539,0.905949592590332
540,0.9149820804595947
541,0.8969461917877197
542,0.8981695175170898
543,0.8955326080322266
544,1.3787765502929688
545,1.466860294342041
546,1.0915248394012451
547,0.8969635963439941
548,0.9027221202850342
549,0.9187183380126953
550,0.9041018486022949
551,0.9035673141479492
552,0.9019107818603516
553,0.8895034790039062
554,0.905299186706543
555,0.9115889072418213
556,0.901139497756958
557,1.180201768875122
558,1.4088797569274902
559,1.3059887886047363
560,0.874347448348999
561,0.9032092094421387
562,0.9084784984588623
563,0.9210586547851562
564,0.9318513870239258
565,0.918776273727417
566,0.8913166522979736
567,0.9085006713867188
568,0.9055039882659912
569,0.8960762023925781
570,1.047814130783081
571,1.367285966873169
572,1.4330041408538818
573,0.9618008136749268
574,0.8996546268463135
575,0.9288139343261719
576,0.9082560539245605
577,0.9223659038543701
578,0.9078812599182129
579,0.9212338924407959
580,0.9014058113098145
581,0.9025123119354248
582,0.8972005844116211
583,0.8955638408660889
584,1.3410022258758545
585,1.4182326793670654
586,1.140212059020996
587,0.8930730819702148
588,0.9100584983825684
589,0.8864054679870605
590,0.9023692607879639
591,0.8965358734130859
592,0.8746829032897949
593,0.9077773094177246
594,0.8981478214263916
595,0.9022507667541504
596,0.8927171230316162
597,1.1710963249206543
598,1.5177242755889893
599,1.303654670715332
600,0.919348955154419
601,0.8966352939605713
602,0.8926568031311035
603,0.8894283771514893
604,0.9024090766906738
605,0.9072856903076172
606,0.9289767742156982
607,0.8905272483825684
608,0.895819902420044
609,0.8996520042419434
610,1.006073236465454
611,1.3733601570129395
612,1.4370553493499756
613,0.9314308166503906
614,0.9018330574035645
615,0.894477128982544
616,0.8905806541442871
617,0.8941891193389893
618,0.9073231220245361
619,0.8947663307189941
620,0.8986928462982178
621,0.8952269554138184
622,0.8987331390380859
623,0.9109287261962891
624,1.2562065124511719
625,1.4196348190307617
626,1.1017451286315918
627,0.9076786041259766
628,0.9143214225769043
629,0.8996052742004395
630,0.897000789642334
631,0.8717648983001709
632,0.8912954330444336
633,0.9011731147766113
634,0.9182007312774658
635,0.9011020660400391
636,0.9063565731048584
637,1.1908721923828125
638,1.372377634048462
639,1.3194968700408936
640,0.8817026615142822
641,0.8967444896697998
642,0.901033878326416
643,0.8862676620483398
644,0.9011683464050293
645,0.9115331172943115
646,0.8949267864227295
647,0.9141557216644287
648,0.8939552307128906
649,0.9026196002960205
650,0.9664926528930664
651,1.3868155479431152
652,1.4572179317474365
653,1.0058941841125488
654,0.9055995941162109
655,0.898127555847168
656,0.899522066116333
657,0.9123456478118896
658,0.8825390338897705
659,0.9553518295288086
660,0.9057450294494629
661,0.9168388843536377
662,0.8980915546417236
663,0.8997218608856201
664,1.2751445770263672
665,1.4395813941955566
666,1.2108168601989746
667,0.9053914546966553
668,0.8896927833557129
669,0.8843264579772949
670,0.8893108367919922
671,0.9059040546417236
672,0.8851819038391113
673,0.8927779197692871
674,0.9151556491851807
675,0.9077696800231934
676,0.8920824527740479
677,1.0646660327911377
678,1.381551742553711
679,1.4418022632598877
680,0.8915538787841797
681,0.9022159576416016
682,0.9086425304412842
683,0.9131960868835449
684,0.9122786521911621
685,0.9030134677886963
686,0.9064273834228516
687,0.9019351005554199
688,0.897819995880127
689,0.9086558818817139
690,0.8900120258331299
691,1.3695189952850342
692,1.4471180438995361
693,1.0186407566070557
694,0.9017772674560547
695,0.8968715667724609
696,0.9169642925262451
697,1.200200080871582
698,1.4064381122589111
699,1.3155324459075928
700,0.892528772354126
701,0.8906724452972412
702,0.8816158771514893
703,1.3476877212524414
704,1.4195797443389893
705,1.0574545860290527
706,0.8708834648132324
707,0.8955390453338623
708,0.8931014537811279
709,0.8934905529022217
710,0.8818871974945068
711,0.8890137672424316
712,0.899092435836792
713,0.8951964378356934
714,0.8977806568145752
715,0.9024431705474854
716,1.153937578201294
717,1.8085582256317139
718,3.5366291999816895
719,2.5673868656158447
720,1.2130320072174072
721,0.9716174602508545
722,0.9006626605987549
723,0.8920092582702637
724,0.8896002769470215
725,0.9035348892211914
726,0.903400182723999
727,0.8959136009216309
728,1.257244348526001
729,1.4426963329315186
730,1.0418531894683838
731,0.8884179592132568
732,0.9114518165588379
733,0.895855188369751
734,0.885162353515625
735,0.8847754001617432
736,0.8878121376037598
737,0.9014043807983398
738,0.889868974685669
739,0.9130599498748779
740,0.9089581966400146
741,1.1763267517089844
742,1.3956599235534668
743,1.3215420246124268
744,0.9081909656524658
745,0.9171600341796875
746,0.8792948722839355
747,0.9005117416381836
748,0.8955011367797852
749,0.8966326713562012
750,0.9024636745452881
751,0.8985872268676758
752,0.9106292724609375
753,0.9122912883758545
754,1.0393173694610596
755,1.370079755783081
756,1.4563519954681396
757,0.9160914421081543
758,0.8997611999511719
759,0.8983128070831299
760,0.8924882411956787
761,0.897036075592041
762,0.8960390090942383
763,0.9134104251861572
764,0.8895528316497803
765,0.9036269187927246
766,0.9189777374267578
767,0.8877334594726562
768,1.3295295238494873
769,1.4380130767822266
770,1.1114082336425781
771,0.8934547901153564
772,0.9026758670806885
773,0.9032466411590576
774,0.8982620239257812
775,0.9519102573394775
776,0.9043805599212646
777,0.9090306758880615
778,0.9026601314544678
779,0.9101352691650391
780,0.897078275680542
781,1.2051196098327637
782,1.4306397438049316
783,1.3122303485870361
784,0.9094343185424805
785,0.8931889533996582
786,0.8979475498199463
787,0.9083526134490967
788,0.8933138847351074
789,0.9163589477539062
790,0.903317928314209
791,0.8991103172302246
792,0.8900954723358154
793,0.8945934772491455
794,0.9550094604492188
795,1.3827075958251953
796,1.4574735164642334
797,0.9986696243286133
798,0.9173638820648193
799,0.9118914604187012
800,0.9273364543914795
801,0.9144859313964844
802,0.9305920600891113
803,0.9625182151794434
804,0.9340662956237793
805,0.9289045333862305
806,0.9007837772369385
807,0.9151885509490967
808,1.375920295715332
809,1.4519538879394531
810,1.0817070007324219
811,0.8955056667327881
812,0.9150464534759521
813,0.9235002994537354
814,0.916903018951416
815,0.9039881229400635
816,0.898979902267456
817,0.8954036235809326
818,0.8922238349914551
819,0.8967282772064209
820,0.8939671516418457
821,1.1765141487121582
822,1.3755426406860352
823,1.318549633026123
824,0.892179012298584
825,0.8939518928527832
826,0.89400315284729
827,0.9071693420410156
828,0.9113855361938477
829,0.9009964466094971
830,0.9131941795349121
831,0.8863964080810547
832,0.9196627140045166
833,0.8925929069519043
834,1.0003633499145508
835,1.3765225410461426
836,1.524501085281372
837,0.9672245979309082
838,0.902153491973877
839,0.907379150390625
840,0.8882009983062744
841,0.8936872482299805
842,0.91200852394104
843,0.9385817050933838
844,0.9084570407867432
845,0.8915102481842041
846,0.892298698425293
847,0.8760559558868408
848,1.2691895961761475
849,1.4175279140472412
850,1.0649971961975098
851,0.902179479598999
852,0.8957195281982422
853,0.8909742832183838
854,0.8968210220336914
855,0.8912022113800049
856,0.8864996433258057
857,0.8984873294830322
858,0.8905951976776123
859,0.9034490585327148
860,0.8920636177062988
861,1.1756250858306885
862,1.396921157836914
863,1.3157854080200195
864,0.8971071243286133
865,0.9071519374847412
866,0.9044067859649658
867,0.910332441329956
868,0.9043347835540771
869,0.9068682193756104
870,0.9070305824279785
871,0.8948204517364502
872,0.888084888458252
873,0.887643575668335
874,1.016341209411621
875,1.4060962200164795
876,1.4483873844146729
877,0.9281609058380127
878,0.9129374027252197
879,0.9094326496124268
880,0.8940355777740479
881,0.901383638381958
882,0.8972864151000977
883,0.8877205848693848
884,0.8941235542297363
885,0.9007034301757812
886,0.9010970592498779
887,0.9156603813171387
888,1.3075885772705078
889,1.4212253093719482
890,1.18825101852417
891,0.8971421718597412
892,0.8977549076080322
893,0.9130303859710693
894,0.9120886325836182
895,0.9013676643371582
896,0.9075613021850586
897,0.9464645385742188
898,0.9027800559997559
899,0.9025835990905762
900,0.9011034965515137
901,1.2086565494537354
902,1.4008982181549072
903,1.3553669452667236
904,0.9199495315551758
905,0.9179317951202393
906,0.89556884765625
907,0.8959414958953857
908,0.9010038375854492
909,0.9018712043762207
910,0.8942141532897949
911,0.9136834144592285
912,0.909034252166748
913,0.9045922756195068
914,0.9913651943206787
915,1.3884036540985107
916,1.4424471855163574
917,0.9594333171844482
918,0.9082984924316406
919,0.912900447845459
920,0.917492151260376
921,0.9101710319519043
922,0.8985755443572998
923,0.9008660316467285
924,0.9096982479095459
925,0.923668384552002
926,0.918694019317627
927,0.9128017425537109
928,1.3485970497131348
929,1.4018867015838623
930,1.129671335220337
931,0.9058749675750732
932,0.9007062911987305
933,0.9300236701965332
934,0.9048993587493896
935,0.9156644344329834
936,0.9209539890289307
937,0.9026434421539307
938,0.9013433456420898
939,0.9037899971008301
940,0.8820879459381104
941,1.1918833255767822
942,1.4094841480255127
943,1.3103382587432861
944,0.9100232124328613
945,0.8931412696838379
946,0.9210035800933838
947,0.9131829738616943
948,0.9103183746337891
949,0.8871321678161621
950,0.897254228591919
951,0.9153542518615723
952,0.8928523063659668
953,0.9007408618927002
954,1.0202679634094238
955,1.3778352737426758
956,1.4461684226989746
957,0.9988400936126709
958,0.887218713760376
959,0.9083511829376221
960,0.8983216285705566
961,0.9138455390930176
962,0.907071590423584
963,0.9032633304595947
964,0.9285082817077637
965,0.9171442985534668
966,0.8895888328552246
967,0.9011085033416748
968,1.3784701824188232
969,1.4365460872650146
970,1.0858733654022217
971,0.904160737991333
972,0.8992924690246582
973,0.8970296382904053
974,0.9123420715332031
975,0.8963229656219482
976,0.9032723903656006
977,0.8943462371826172
978,0.9030475616455078
979,0.9071729183197021
980,0.9013185501098633
981,1.1521284580230713
982,1.39064359664917
983,1.3440499305725098
984,0.8978149890899658
985,0.9051468372344971
986,0.8989198207855225
987,0.9270739555358887
988,0.8975009918212891
989,0.8914041519165039
990,0.896843671798706
991,0.9067306518554688
992,0.9006092548370361
993,0.9036827087402344
994,0.9635233879089355
995,1.4234018325805664
996,1.469374418258667
997,0.989506721496582
998,0.8924930095672607
999,0.9064126014709473
1000,0.8996267318725586
1001,0.9111390113830566
1002,0.8920378684997559
1003,0.8974199295043945
1004,0.8958508968353271
1005,0.907949686050415
1006,0.8985157012939453
1007,0.910137414932251
1008,1.274014949798584
1009,1.3769080638885498
1010,1.233931541442871
1011,0.913508415222168
1012,0.89711594581604
1013,0.8923027515411377
1014,0.9113924503326416
1015,0.8977193832397461
1016,0.9018208980560303
1017,0.890796422958374
1018,0.9186387062072754
1019,0.9311130046844482
1020,0.9127764701843262
1021,1.0825631618499756
1022,1.3962898254394531
1023,1.3632628917694092
1024,0.9340782165527344
1025,0.903120756149292
1026,0.8863418102264404
1027,0.8922100067138672
1028,0.8960597515106201
1029,0.8950533866882324
1030,0.8897240161895752
1031,0.9039411544799805
1032,0.9346611499786377
1033,0.897310733795166
1034,0.9294369220733643
1035,1.390317678451538
1036,1.4494476318359375
1037,0.9227643013000488
1038,0.8960788249969482
1039,0.8991906642913818
1040,0.9054701328277588
1041,0.913250207901001
1042,0.8777403831481934
1043,0.9047572612762451
1044,0.8996894359588623
1045,0.9053363800048828
1046,0.906987190246582
1047,0.9124577045440674
1048,1.3591651916503906
1049,1.4024152755737305
1050,1.086083173751831
1051,0.9079744815826416
1052,0.9080562591552734
1053,0.902552604675293
1054,0.8871281147003174
1055,0.9463849067687988
1056,0.9001147747039795
1057,0.9126408100128174
1058,0.8989014625549316
1059,0.9110274314880371
1060,0.905656099319458
1061,1.2365424633026123
1062,1.406949520111084
1063,1.2549264430999756
1064,0.8940873146057129
1065,0.899594783782959
1066,0.8990342617034912
1067,0.8863623142242432
1068,0.8975033760070801
1069,0.9182429313659668
1070,0.9200761318206787
1071,0.9277698993682861
1072,0.9284548759460449
1073,0.9250376224517822
1074,1.0921123027801514
1075,1.3682255744934082
1076,1.5707728862762451
1077,0.9279248714447021
1078,0.884681224822998
1079,0.9466724395751953
1080,0.9201138019561768
1081,0.9151527881622314
1082,0.929224967956543
1083,0.898007869720459
1084,0.8952078819274902
1085,0.9334065914154053
1086,0.9099476337432861
1087,0.9251792430877686
1088,1.3855719566345215
1089,1.4440629482269287
1090,0.985548734664917
1091,0.9066214561462402
1092,0.8932127952575684
1093,0.9040124416351318
1094,0.901641845703125
1095,0.8933262825012207
1096,0.9009075164794922
1097,0.9110383987426758
1098,0.9074482917785645
1099,0.9089076519012451
1100,0.8992164134979248
1101,1.2637295722961426
1102,1.4360692501068115
1103,1.2634952068328857
1104,0.9150221347808838
1105,0.9180188179016113
1106,0.9156122207641602
1107,0.9281082153320312
1108,0.916903018951416
1109,0.9116325378417969
1110,0.9063940048217773
1111,0.9085586071014404
1112,0.9119563102722168
1113,0.8903954029083252
1114,1.1392333507537842
1115,1.4241716861724854
1116,1.2277703285217285
1117,0.9186129570007324
1118,0.8965234756469727
1119,0.8954410552978516
1120,0.9032540321350098
1121,0.910564661026001
1122,0.9002382755279541
1123,0.9015932083129883
1124,0.9038426876068115
1125,0.8919622898101807
1126,0.9108407497406006
1127,1.0624289512634277
1128,1.3640987873077393
1129,1.4483463764190674
1130,0.922093391418457
1131,0.9111032485961914
1132,0.9099843502044678
1133,0.9080548286437988
1134,0.9081718921661377
1135,0.9272055625915527
1136,0.9027166366577148
1137,0.9009387493133545
1138,0.9171428680419922
1139,0.8956363201141357
1140,0.9687099456787109
1141,1.40309476852417
1142,1.469717264175415
1143,1.001213788986206
1144,0.9184572696685791
1145,0.9293084144592285
1146,0.9220991134643555
1147,0.8951101303100586
1148,0.8917605876922607
1149,0.8959753513336182
1150,0.8854837417602539
1151,0.892578125
1152,0.9047260284423828
1153,0.9047963619232178
1154,1.2579834461212158
1155,1.4248523712158203
1156,1.1901562213897705
1157,0.9036226272583008
1158,0.8965790271759033
1159,0.8908085823059082
1160,0.919274091720581
1161,0.91329026222229
1162,0.9224047660827637
1163,0.899773120880127
1164,0.8954432010650635
1165,0.8862133026123047
1166,0.8964681625366211
1167,1.095160961151123
1168,1.3828251361846924
1169,1.4209468364715576
1170,0.8956818580627441
1171,0.9057412147521973
1172,0.886643648147583
1173,0.8995773792266846
1174,0.9028911590576172
1175,0.8996586799621582
1176,0.914250373840332
1177,0.895531177520752
1178,0.897707462310791
1179,0.8936183452606201
1180,0.8992180824279785
1181,1.3640708923339844
1182,1.428666353225708
1183,1.0505473613739014
1184,0.9095077514648438
1185,0.8952114582061768
1186,0.8946101665496826
1187,0.8770706653594971
1188,0.887401819229126
1189,0.8865134716033936
1190,0.8996059894561768
1191,0.8944380283355713
1192,0.9082455635070801
1193,0.9076335430145264
1194,1.1460814476013184
1195,1.3757569789886475
1196,1.341275691986084
1197,0.9028222560882568
1198,0.8978099822998047
1199,0.8761556148529053
1200,0.8924651145935059
1201,0.9501693248748779
1202,0.8937788009643555
1203,0.884223222732544
1204,0.8871245384216309
1205,0.8928544521331787
1206,0.933495283126831
1207,0.9668676853179932
1208,1.3939783573150635
1209,1.4369971752166748
1210,0.9726133346557617
1211,0.8885855674743652
1212,0.9008495807647705
1213,0.8959732055664062
1214,0.8951740264892578
1215,0.8897221088409424
1216,0.8977041244506836
1217,0.8954775333404541
1218,0.8925848007202148
1219,0.8927822113037109
1220,0.9046883583068848
1221,1.2792391777038574
1222,1.4159953594207764
1223,1.1568553447723389
1224,0.896226167678833
1225,0.9145536422729492
1226,0.901165246963501
1227,0.9050114154815674
1228,0.9001431465148926
1229,0.9136507511138916
1230,0.8890619277954102
1231,0.8987705707550049
1232,0.8862733840942383
1233,0.8934283256530762
1234,1.0964317321777344
1235,1.3860981464385986
1236,1.411240577697754
1237,0.9041869640350342
1238,0.9084479808807373
1239,0.9038922786712646
1240,0.8915615081787109
1241,0.8985230922698975
1242,0.8977773189544678
1243,0.9027218818664551
1244,0.8919589519500732
1245,0.8949675559997559
1246,0.9045999050140381
1247,0.8988296985626221
1248,1.3731422424316406
1249,1.4424831867218018
1250,0.973935604095459
1251,0.8957858085632324
1252,0.8913538455963135
1253,0.9088904857635498
1254,0.8875913619995117
1255,0.8936188220977783
1256,0.8996767997741699
1257,0.9025006294250488
1258,0.9106917381286621
1259,0.8845057487487793
1260,0.8946616649627686
1261,1.3046417236328125
1262,1.4099228382110596
1263,1.2869970798492432
1264,0.9080288410186768
1265,0.8876819610595703
1266,0.9069771766662598
1267,0.9227955341339111
1268,0.8958878517150879
1269,0.8939135074615479
1270,0.8964200019836426
1271,0.8966898918151855
1272,0.9182312488555908
1273,0.9057657718658447
1274,1.0939159393310547
1275,1.4014406204223633
1276,1.3604094982147217
1277,0.8856370449066162
1278,0.8986847400665283
1279,0.9021358489990234
1280,0.8966481685638428
1281,0.8995821475982666
1282,0.9056968688964844
1283,0.9032878875732422
1284,0.9068946838378906
1285,0.906118631362915
1286,0.8942954540252686
1287,0.957033634185791
1288,1.3958978652954102
1289,1.4636921882629395
1290,0.9766604900360107
1291,0.9022071361541748
1292,0.8929908275604248
1293,0.9022946357727051
1294,0.8926904201507568
1295,0.9049172401428223
1296,0.8954975605010986
1297,0.9205441474914551
1298,0.8936758041381836
1299,0.9107556343078613
1300,0.901702880859375
1301,1.250563144683838
1302,1.3997106552124023
1303,1.199843168258667
1304,0.8980073928833008
1305,0.9196741580963135
1306,0.9213588237762451
1307,0.90256667137146
1308,0.8878474235534668
1309,0.9052691459655762
1310,0.9069685935974121
1311,0.9107604026794434
1312,0.9203782081604004
1313,0.9062809944152832
1314,1.1803905963897705
1315,1.3946287631988525
1316,1.3577079772949219
1317,0.9285657405853271
1318,0.9128074645996094
1319,0.8967902660369873
1320,0.8996171951293945
1321,0.9028184413909912
1322,0.9009311199188232
1323,0.89150071144104
1324,0.93393874168396
1325,0.9106805324554443
1326,1.004335880279541
1327,1.261871337890625
1328,2.062652826309204
1329,3.6259703636169434
1330,1.6159334182739258
1331,1.0119750499725342
1332,0.9042844772338867
1333,0.893214225769043
1334,0.911022424697876
1335,0.8889284133911133
1336,0.9045867919921875
1337,0.8894731998443604
1338,0.8868534564971924
1339,0.8975043296813965
1340,1.0999877452850342
1341,1.444336175918579
1342,1.373441219329834
1343,0.9029357433319092
1344,0.9066438674926758
1345,0.9125876426696777
1346,0.9089140892028809
1347,0.931398868560791
1348,0.9081058502197266
1349,0.9087316989898682
1350,0.9125716686248779
1351,0.895824670791626
1352,0.9068078994750977
1353,0.9954116344451904
1354,1.4009826183319092
1355,1.47377347946167
1356,0.972822904586792
1357,0.8863015174865723
1358,0.8917157649993896
1359,0.8992888927459717
1360,0.9090099334716797
1361,0.8928296566009521
1362,0.8959412574768066
1363,0.900327205657959
1364,0.8784005641937256
1365,0.9085133075714111
1366,0.9042563438415527
1367,1.253990888595581
1368,1.4003174304962158
1369,1.2722618579864502
1370,0.9149670600891113
1371,0.904921293258667
1372,0.8986148834228516
1373,0.8956253528594971
1374,0.9099116325378418
1375,0.9023237228393555
1376,0.9016320705413818
1377,0.9092648029327393
1378,0.9000012874603271
1379,0.8933358192443848
1380,1.0539190769195557
1381,1.499903678894043
1382,1.4378376007080078
1383,0.9453935623168945
1384,0.923882246017456
1385,0.916032075881958
1386,0.9082546234130859
1387,0.9397664070129395
1388,0.9175832271575928
1389,0.9004197120666504
1390,0.9062643051147461
1391,0.9033021926879883
1392,0.8932662010192871
1393,0.8897004127502441
1394,1.339219093322754
1395,1.4646458625793457
1396,1.0869626998901367
1397,0.9050590991973877
1398,0.9176154136657715
1399,0.9317636489868164
1400,0.9222166538238525
1401,0.9181716442108154
1402,0.9327480792999268
1403,0.9764857292175293
1404,0.9373376369476318
1405,0.9173243045806885
1406,0.9364407062530518
1407,1.334383249282837
1408,1.4362704753875732
1409,1.1611239910125732
1410,0.887535810470581
1411,0.8929708003997803
1412,0.8936526775360107
1413,0.9302611351013184
1414,0.932746171951294
1415,0.907160758972168
1416,0.9292409420013428
1417,0.9050898551940918
1418,0.9051635265350342
1419,0.9002807140350342
1420,1.218338966369629
1421,1.380641222000122
1422,1.3232197761535645
1423,0.9032390117645264
1424,0.9149222373962402
1425,0.8970518112182617
1426,0.9234843254089355
1427,0.9040098190307617
1428,0.9174032211303711
1429,0.9159979820251465
1430,0.9146604537963867
1431,0.8972334861755371
1432,0.8966610431671143
1433,1.0291752815246582
1434,1.394193172454834
1435,1.4450459480285645
1436,0.947669506072998
1437,0.9199314117431641
1438,0.9210939407348633
1439,0.9157507419586182
1440,0.9034590721130371
1441,0.944896936416626
1442,0.8902637958526611
1443,0.9137077331542969
1444,0.9248206615447998
1445,0.8916122913360596
1446,0.8997907638549805
1447,1.379584550857544
1448,1.4083170890808105
1449,1.0422065258026123
1450,0.9275755882263184
1451,0.912865161895752
1452,0.9064874649047852
1453,0.8971059322357178
1454,0.8849165439605713
1455,0.90303635597229
1456,0.8955285549163818
1457,0.899571418762207
1458,0.9028024673461914
1459,0.90627121925354
1460,1.2104473114013672
1461,1.3769054412841797
1462,1.277407169342041
1463,0.9024875164031982
1464,0.911543607711792
1465,0.9197978973388672
1466,0.9079234600067139
1467,0.9066030979156494
1468,0.9078905582427979
1469,0.8931424617767334
1470,0.9042494297027588
1471,0.8893420696258545
1472,0.8942286968231201
1473,1.0366668701171875
1474,1.4004602432250977
1475,1.4397492408752441
1476,0.9827148914337158
1477,0.911461591720581
1478,0.9079787731170654
1479,0.8967297077178955
1480,0.909771203994751
1481,0.8993511199951172
1482,0.8938024044036865
1483,0.895988941192627
1484,0.9024806022644043
1485,0.9064733982086182
1486,0.9039080142974854
1487,1.3169498443603516
1488,1.4244506359100342
1489,1.146486520767212
1490,0.9095728397369385
1491,0.8949129581451416
1492,0.9194574356079102
1493,0.907200813293457
1494,0.9111175537109375
1495,0.8990769386291504
1496,0.9159572124481201
1497,0.9147467613220215
1498,0.9062211513519287
1499,0.9154973030090332
1500,1.1557197570800781
1501,1.4010162353515625
1502,1.4601900577545166
1503,0.898052453994751
1504,0.9305429458618164
1505,0.8938262462615967
1506,0.8879001140594482
1507,0.8925354480743408
1508,0.9022364616394043
1509,0.9056563377380371
1510,0.9014339447021484
1511,0.8936119079589844
1512,0.904207706451416
1513,0.9450633525848389
1514,1.437455654144287
1515,1.423689842224121
1516,1.0347187519073486
1517,0.896251916885376
1518,0.9081225395202637
1519,0.9138851165771484
1520,0.9163491725921631
1521,0.9096519947052002
1522,0.8891913890838623
1523,0.8951671123504639
1524,0.9144394397735596
1525,0.9140181541442871
1526,0.9108715057373047
1527,1.2579174041748047
1528,1.3889856338500977
1529,1.2957866191864014
1530,0.9132556915283203
1531,0.8940601348876953
1532,0.9040608406066895
1533,0.9109210968017578
1534,0.9339580535888672
1535,0.9042561054229736
1536,0.898392915725708
1537,0.9133329391479492
1538,0.9010462760925293
1539,0.884387731552124
1540,1.028111457824707
1541,1.4038960933685303
1542,1.4508371353149414
1543,0.9539446830749512
1544,0.8993256092071533
1545,0.9079370498657227
1546,0.9258596897125244
1547,0.8921253681182861
1548,0.9032595157623291
1549,0.907952070236206
1550,0.9144008159637451
1551,0.9071946144104004
1552,0.905048131942749
1553,0.9063224792480469
1554,1.3703134059906006
1555,1.4108693599700928
1556,1.07749605178833
1557,0.9201853275299072
1558,0.9097044467926025
1559,0.9005758762359619
1560,0.902137041091919
1561,0.9006533622741699
1562,0.9067280292510986
1563,0.9402430057525635
1564,0.9114639759063721
1565,0.9201521873474121
1566,0.9034900665283203
1567,1.250004529953003
1568,1.3992493152618408
1569,1.2001547813415527
1570,0.918243408203125
1571,0.8979244232177734
1572,0.9032208919525146
1573,0.8884851932525635
1574,0.9017908573150635
1575,0.9027035236358643
1576,0.896956205368042
1577,0.9152579307556152
1578,0.8989479541778564
1579,0.9184067249298096
1580,1.1015853881835938
1581,1.4007484912872314
1582,1.406141996383667
1583,0.9173815250396729
1584,0.905846357345581
1585,0.9037413597106934
1586,0.9037249088287354
1587,0.9026029109954834
1588,0.9079084396362305
1589,0.9070110321044922
1590,0.894183874130249
1591,0.9022810459136963
1592,0.9171960353851318
1593,0.9207868576049805
1594,1.393599510192871
1595,1.4722192287445068
1596,1.0362606048583984
1597,0.9021785259246826
1598,0.9101290702819824
1599,0.8843588829040527
1600,0.8970150947570801
1601,0.8968629837036133
1602,0.9025468826293945
1603,0.9148879051208496
1604,0.907874584197998
1605,0.899019718170166
1606,0.918154239654541
1607,1.2436859607696533
1608,1.3689351081848145
1609,1.3452980518341064
1610,0.920041561126709
1611,0.9084720611572266
1612,0.9049732685089111
1613,0.9216468334197998
1614,0.8966495990753174
1615,0.8923096656799316
1616,0.9077532291412354
1617,0.9218480587005615
1618,0.9043755531311035
1619,0.9032132625579834
1620,1.004652738571167
1621,1.4117858409881592
1622,1.3792214393615723
1623,0.9405596256256104
1624,0.9205038547515869
1625,0.9302201271057129
1626,0.8898155689239502
1627,0.9024503231048584
1628,0.9099178314208984
1629,0.8852250576019287
1630,0.9005622863769531
1631,0.8815464973449707
1632,0.9085972309112549
1633,0.9415748119354248
1634,1.4141905307769775
1635,1.4555208683013916
1636,0.9958734512329102
1637,0.8980464935302734
1638,0.9116873741149902
1639,0.9047155380249023
1640,0.9075064659118652
1641,0.8896884918212891
1642,0.9072275161743164
1643,0.8980410099029541
1644,0.8987948894500732
1645,0.9180986881256104
1646,0.88960862159729
1647,1.3059108257293701
1648,1.4055912494659424
1649,1.2316858768463135
1650,0.8927068710327148
1651,0.8999984264373779
1652,0.8947484493255615
1653,0.9012019634246826
1654,0.900780200958252
1655,0.9265944957733154
1656,0.8967800140380859
1657,0.9048717021942139
1658,0.8870284557342529
1659,0.8947782516479492
1660,1.0462737083435059
1661,1.3734371662139893
1662,1.4673035144805908
1663,0.9107570648193359
1664,0.8991248607635498
1665,0.9031500816345215
1666,0.8918848037719727
1667,0.8853399753570557
1668,0.8984220027923584
1669,0.9047985076904297
1670,0.9067578315734863
1671,0.8964200019836426
1672,0.8958876132965088
1673,0.8945741653442383
1674,1.357039213180542
1675,1.4185068607330322
1676,1.0949699878692627
1677,0.9086837768554688
1678,0.8910839557647705
1679,0.8907413482666016
1680,0.9095215797424316
1681,0.910287618637085
1682,0.8825335502624512
1683,0.9003465175628662
1684,0.8994560241699219
1685,0.9400632381439209
1686,0.9426970481872559
1687,1.206446886062622
1688,1.3880398273468018
1689,1.267488718032837
1690,0.9101786613464355
1691,0.8849935531616211
1692,0.890244722366333
1693,0.8980758190155029
1694,0.9072582721710205
1695,0.8921947479248047
1696,0.8940372467041016
1697,0.8927505016326904
1698,0.8824315071105957
1699,0.8880710601806641
1700,0.9803674221038818
1701,1.4084408283233643
1702,1.4403069019317627
1703,0.9794821739196777
1704,0.9039695262908936
1705,0.9159584045410156
1706,0.9075925350189209
1707,0.9074254035949707
1708,0.8996248245239258
1709,0.8882730007171631
1710,0.9001998901367188
1711,0.8926935195922852
1712,0.9013714790344238
1713,0.8886973857879639
1714,1.2941744327545166
1715,1.441471815109253
1716,1.1946959495544434
1717,0.8998799324035645
1718,0.8955910205841064
1719,0.9058735370635986
1720,0.8966226577758789
1721,0.9013087749481201
1722,0.8910520076751709
1723,0.8942017555236816
1724,0.8916566371917725
1725,0.8988964557647705
1726,0.8907740116119385
1727,1.054443120956421
1728,1.371910810470581
1729,1.4711089134216309
1730,0.9115591049194336
1731,0.9057445526123047
1732,0.8895852565765381
1733,0.8989086151123047
1734,0.908966064453125
1735,0.9141201972961426
1736,0.8900659084320068
1737,0.9004371166229248
1738,0.8931019306182861
1739,0.9059617519378662
1740,0.8917772769927979
1741,1.3612496852874756
1742,1.4229817390441895
1743,1.0381269454956055
1744,0.9038269519805908
1745,0.9071357250213623
1746,0.9804692268371582
1747,0.9073367118835449
1748,0.9026851654052734
1749,0.8951737880706787
1750,0.8893446922302246
1751,0.8964498043060303
1752,0.9071390628814697
1753,0.9037981033325195
1754,1.2462263107299805
1755,1.386322259902954
1756,1.2569925785064697
1757,0.8909869194030762
1758,0.8908452987670898
1759,0.9149477481842041
1760,0.8919577598571777
1761,0.8969020843505859
1762,0.9047999382019043
1763,0.8961327075958252
1764,0.8999993801116943
1765,0.8859691619873047
1766,0.8873224258422852
1767,1.0420713424682617
1768,1.382702350616455
1769,1.2969164848327637
1770,0.9050571918487549
1771,0.8968222141265869
1772,0.887751579284668
1773,0.9090774059295654
1774,0.8917660713195801
1775,0.8965098857879639
1776,0.9010183811187744
1777,0.9278216361999512
1778,0.9007441997528076
1779,0.8937675952911377
1780,0.9617226123809814
1781,1.4002878665924072
1782,1.4430358409881592
1783,0.9355173110961914
1784,0.9036381244659424
1785,0.8914923667907715
1786,0.8945655822753906
1787,0.8883686065673828
1788,0.8839654922485352
1789,0.8938016891479492
1790,0.9052488803863525
1791,0.8980355262756348
1792,0.9044909477233887
1793,0.900566577911377
1794,1.2767219543457031
1795,1.4004299640655518
1796,1.221909761428833
1797,0.9336230754852295
1798,0.907254695892334
1799,0.9080193042755127
1800,0.8947803974151611
1801,0.908820629119873
1802,0.8926990032196045
1803,0.8968708515167236
1804,0.885150671005249
1805,0.9059545993804932
1806,0.9072561264038086
1807,1.0864174365997314
1808,1.4361836910247803
1809,1.4166333675384521
1810,0.9110181331634521
1811,0.8991837501525879
1812,0.90185546875
1813,0.8829207420349121
1814,0.8950076103210449
1815,0.8944363594055176
1816,0.8977136611938477
1817,0.8950598239898682
1818,0.8962972164154053
1819,0.8925585746765137
1820,0.893052339553833
1821,1.3495259284973145
1822,1.4413812160491943
1823,1.0519530773162842
1824,0.8803069591522217
1825,0.8989510536193848
1826,0.8880596160888672
1827,0.9161112308502197
1828,0.9041473865509033
1829,0.8962342739105225
1830,0.903587818145752
1831,0.8968203067779541
1832,0.8955886363983154
1833,0.9071075916290283
1834,1.1693367958068848
1835,1.3905041217803955
1836,1.3297557830810547
1837,0.9226417541503906
1838,0.9057877063751221
1839,0.9045178890228271
1840,0.9016854763031006
1841,0.8900964260101318
1842,0.9049725532531738
1843,0.9004521369934082
1844,0.8925611972808838
1845,0.8953614234924316
1846,0.8812484741210938
1847,1.0032739639282227
1848,1.3910329341888428
1849,1.44376540184021
1850,0.9297516345977783
1851,0.9129858016967773
1852,0.9049258232116699
1853,0.9099740982055664
1854,0.891857385635376
1855,0.8931906223297119
1856,0.9212920665740967
1857,0.9041628837585449
1858,0.895169734954834
1859,0.8931326866149902
1860,0.893740177154541
1861,1.3288321495056152
1862,1.44815993309021
1863,1.1082215309143066
1864,0.9045820236206055
1865,0.8862264156341553
1866,0.9145057201385498
1867,0.8918015956878662
1868,0.9173853397369385
1869,0.9402675628662109
1870,0.8877668380737305
1871,0.8872537612915039
1872,0.8905580043792725
1873,0.9037494659423828
1874,1.1166958808898926
1875,1.3827593326568604
1876,1.2813069820404053
1877,0.9080801010131836
1878,0.8948965072631836
1879,0.8896856307983398
1880,0.877246618270874
1881,0.8999843597412109
1882,0.901879072189331
1883,0.8981685638427734
1884,0.9029710292816162
1885,0.8989500999450684
1886,0.8795466423034668
1887,1.0042786598205566
1888,1.389953374862671
1889,1.4425485134124756
1890,0.9391887187957764
1891,0.9081563949584961
1892,0.896298885345459
1893,0.907642126083374
1894,0.8914422988891602
1895,0.8818588256835938
1896,0.9032666683197021
1897,0.8928422927856445
1898,0.8963239192962646
1899,0.9305934906005859
1900,0.9133374691009521
1901,1.301358699798584
1902,1.4391028881072998
1903,1.0814602375030518
1904,0.9009237289428711
1905,0.9123358726501465
1906,0.9050190448760986
1907,0.8907351493835449
1908,0.8893208503723145
1909,0.8919928073883057
1910,0.9035482406616211
1911,0.8762655258178711
1912,0.873093843460083
1913,0.9007682800292969
1914,1.1466383934020996
1915,1.394946575164795
1916,1.3587169647216797
1917,0.9035260677337646
1918,0.8892629146575928
1919,0.8976094722747803
1920,0.9107246398925781
1921,0.8974301815032959
1922,0.9032020568847656
1923,0.9008655548095703
1924,0.9023990631103516
1925,0.899622917175293
1926,0.8967688083648682
1927,0.9033422470092773
1928,1.4311103820800781
1929,1.4701435565948486
1930,1.074357509613037
1931,0.8882415294647217
1932,0.895139217376709
1933,0.9161965847015381
1934,0.9006080627441406
1935,0.893686056137085
1936,0.8881993293762207
1937,0.8872511386871338
1938,0.8935685157775879
1939,0.8945887088775635
1940,0.9097919464111328
1941,1.1918916702270508
1942,1.4109783172607422
1943,1.299410104751587
1944,0.9055674076080322
1945,0.8987932205200195
1946,0.8967218399047852
1947,0.9132788181304932
1948,0.8937911987304688
1949,0.8973171710968018
1950,0.898113489151001
1951,0.904538631439209
1952,0.8940136432647705
1953,0.8897318840026855
1954,1.013274908065796
1955,1.3666000366210938
1956,1.4636037349700928
1957,0.96868896484375
1958,0.905346155166626
1959,0.9303319454193115
1960,0.8932087421417236
1961,0.894920825958252
1962,0.886430025100708
1963,0.9068570137023926
1964,0.9094715118408203
1965,0.9071321487426758
1966,0.8994925022125244
1967,0.9043288230895996
1968,1.3256285190582275
1969,1.4186549186706543
1970,1.0373024940490723
1971,0.8914890289306641
1972,0.9120843410491943
1973,0.9083037376403809
1974,0.9094898700714111
1975,0.9163050651550293
1976,0.8951871395111084
1977,0.8999478816986084
1978,0.9086568355560303
1979,0.893867015838623
1980,0.9066298007965088
1981,1.2024171352386475
1982,1.403465747833252
1983,1.2860686779022217
1984,0.922670841217041
1985,0.9022612571716309
1986,0.9028604030609131
1987,0.8947963714599609
1988,0.9049878120422363
1989,0.8951785564422607
1990,0.9149632453918457
1991,0.8941795825958252
1992,0.9303317070007324
1993,0.9121842384338379
1994,1.0745561122894287
1995,1.4017446041107178
1996,1.390990972518921
1997,0.896235466003418
1998,0.8823904991149902
1999,0.8905837535858154
2000,0.9098737239837646
2001,0.9084765911102295
2002,0.8928701877593994
2003,0.9069943428039551
2004,0.9114201068878174
2005,0.889786958694458
2006,0.8936276435852051
2007,0.9136278629302979
2008,1.3881285190582275
2009,1.4620156288146973
2010,1.0439984798431396
2011,0.9051566123962402
2012,0.8930542469024658
2013,0.9122412204742432
2014,0.9121720790863037
2015,0.8926842212677002
2016,0.9095590114593506
2017,0.9084937572479248
2018,0.8834316730499268
2019,0.9056887626647949
2020,0.8965933322906494
2021,1.2586126327514648
2022,1.384199619293213
2023,1.2750234603881836
2024,0.9083225727081299
2025,0.8949427604675293
2026,0.9100086688995361
2027,0.9011766910552979
2028,0.9037661552429199
2029,0.9103419780731201
2030,0.8895258903503418
2031,0.8913800716400146
2032,0.8971211910247803
2033,0.8972866535186768
2034,0.9991054534912109
2035,1.4048655033111572
2036,1.4701130390167236
2037,0.94185471534729
2038,0.9020142555236816
2039,0.8902263641357422
2040,0.892646312713623
2041,0.9192447662353516
2042,0.8986883163452148
2043,0.884385347366333
2044,0.9190428256988525
2045,0.9075207710266113
2046,0.9002816677093506
2047,0.8933730125427246
2048,1.3562686443328857
2049,1.451242446899414
2050,1.0633833408355713
2051,0.8757355213165283
2052,0.9224729537963867
2053,0.8986222743988037
2054,0.9051206111907959
2055,0.9027149677276611
2056,0.8972485065460205
2057,0.8919596672058105
2058,0.9012174606323242
2059,0.9062409400939941
2060,0.8835330009460449
2061,1.2315540313720703
2062,1.3932521343231201
2063,1.271352767944336
2064,0.9348866939544678
2065,0.9167592525482178
2066,0.9047877788543701
2067,0.9122726917266846
2068,0.902785062789917
2069,0.898848295211792
2070,0.896897554397583
2071,0.9030880928039551
2072,0.911395788192749
2073,0.892406702041626
2074,1.0694692134857178
2075,1.3742210865020752
2076,1.468611478805542
2077,0.8856675624847412
2078,0.9008855819702148
2079,0.8940699100494385
2080,0.9072413444519043
2081,0.9178929328918457
2082,0.888824462890625
2083,0.9062502384185791
2084,0.8946988582611084
2085,0.8997938632965088
2086,0.9012513160705566
2087,0.902092456817627
2088,1.33882737159729
2089,1.4545719623565674
2090,1.079899549484253
2091,0.8956167697906494
2092,0.895251989364624
2093,0.8987836837768555
2094,0.8997042179107666
2095,0.9079627990722656
2096,0.9188351631164551
2097,0.9133491516113281
2098,0.8972344398498535
2099,0.9063601493835449
2100,0.9186689853668213
2101,1.2211437225341797
2102,1.3607900142669678
2103,1.316713809967041
2104,0.9149012565612793
2105,0.9043805599212646
2106,0.9064834117889404
2107,0.8905172348022461
2108,0.9129748344421387
2109,0.8946211338043213
2110,0.907451868057251
2111,0.8876876831054688
2112,0.9091846942901611
2113,0.9113714694976807
2114,1.0615808963775635
2115,1.379195213317871
2116,1.4718198776245117
2117,0.902214527130127
2118,0.8882994651794434
2119,0.8751919269561768
2120,0.8852443695068359
2121,0.9057252407073975
2122,0.9058859348297119
2123,0.8939669132232666
2124,0.9069945812225342
2125,0.9047009944915771
2126,0.9093379974365234
2127,0.898026704788208
2128,1.3384759426116943
2129,1.4553565979003906
2130,1.0983390808105469
2131,0.903489351272583
2132,0.9035239219665527
2133,0.8915822505950928
2134,0.8911879062652588
2135,0.9246959686279297
2136,0.8840467929840088
2137,0.9128048419952393
2138,0.893439769744873
2139,0.9153695106506348
2140,0.9120852947235107
2141,1.1380953788757324
2142,1.392113447189331
2143,1.374443531036377
2144,0.8853743076324463
2145,0.8997118473052979
2146,0.9164156913757324
2147,0.8951737880706787
2148,0.9058403968811035
2149,0.9132463932037354
2150,0.909146785736084
2151,0.8953900337219238
2152,0.8995287418365479
2153,0.9092836380004883
2154,0.912316083908081
2155,1.364417314529419
2156,1.4628686904907227
2157,1.0468330383300781
2158,0.9058787822723389
2159,0.8989791870117188
2160,0.8947322368621826
2161,0.8799922466278076
2162,0.9157800674438477
2163,0.8999333381652832
2164,0.8945651054382324
2165,0.8909280300140381
2166,0.9064290523529053
2167,0.9083940982818604
2168,1.2191195487976074
2169,1.4044592380523682
2170,1.1797924041748047
2171,0.8979244232177734
2172,0.9171829223632812
2173,0.8985097408294678
2174,0.9264445304870605
2175,0.8952953815460205
2176,0.9217290878295898
2177,0.8865530490875244
2178,0.9138431549072266
2179,0.8959054946899414
2180,0.9075593948364258
2181,1.120882272720337
2182,1.3889880180358887
2183,1.3573713302612305
2184,0.9002819061279297
2185,0.8948912620544434
2186,0.9089157581329346
2187,0.9054913520812988
2188,0.902158260345459
2189,0.8877227306365967
2190,0.9170272350311279
2191,0.9015696048736572
2192,0.8997583389282227
2193,0.8960356712341309
2194,0.8891332149505615
2195,1.3977336883544922
2196,1.456810474395752
2197,1.0120596885681152
2198,0.8863358497619629
2199,0.9051053524017334
2200,0.8959825038909912
2201,0.9075229167938232
2202,0.9130303859710693
2203,0.9155070781707764
2204,0.8899507522583008
2205,0.9089686870574951
2206,0.9205009937286377
2207,0.8875718116760254
2208,1.246128797531128
2209,1.409327507019043
2210,1.2793290615081787
2211,0.890756368637085
2212,0.8991391658782959
2213,0.8953371047973633
2214,0.8990676403045654
2215,0.9006762504577637
2216,0.8974006175994873
2217,0.9523899555206299
2218,0.8983533382415771
2219,0.902599573135376
2220,0.9147040843963623
2221,1.0789234638214111
2222,1.3919994831085205
2223,1.4312858581542969
2224,0.8931269645690918
2225,0.9009876251220703
2226,0.9204883575439453
2227,0.8920013904571533
2228,0.888493537902832
2229,0.914792537689209
2230,0.9006712436676025
2231,0.9071204662322998
2232,0.8991990089416504
2233,0.9192788600921631
2234,0.9035110473632812
2235,1.3596935272216797
2236,1.4961192607879639
2237,1.0543036460876465
2238,0.8896708488464355
2239,0.8980996608734131
2240,0.9059209823608398
2241,0.8954060077667236
2242,0.9217767715454102
2243,0.9121310710906982
2244,0.907520055770874
2245,0.90576171875
2246,0.9182596206665039
2247,0.9290561676025391
2248,1.2588093280792236
2249,1.4078562259674072
2250,1.2158689498901367
2251,0.9027576446533203
2252,0.9267568588256836
2253,0.8998968601226807
2254,0.8848714828491211
2255,0.9200334548950195
2256,0.8996157646179199
2257,0.8967840671539307
2258,0.8961024284362793
2259,0.8875164985656738
2260,0.9042117595672607
2261,1.082505464553833
2262,1.3764595985412598
2263,1.4409890174865723
2264,0.887274980545044
2265,0.8884453773498535
2266,0.8976094722747803
2267,0.8899025917053223
2268,0.9071495532989502
2269,0.9166884422302246
2270,0.8831944465637207
2271,0.9047989845275879
2272,0.8925366401672363
2273,0.8958446979522705
2274,0.9004755020141602
2275,1.3499705791473389
2276,1.4483544826507568
2277,1.1278893947601318
2278,0.9053812026977539
2279,0.8845391273498535
2280,0.8975057601928711
2281,0.8921101093292236
2282,0.9609634876251221
2283,0.9038984775543213
2284,0.9028935432434082
2285,0.9023239612579346
2286,0.9043023586273193
2287,0.8983023166656494
2288,1.1866428852081299
2289,1.40268874168396
2290,1.3065171241760254
2291,0.909325122833252
2292,0.897355318069458
2293,0.9288311004638672
2294,0.8931031227111816
2295,0.9124138355255127
2296,0.8926084041595459
2297,0.9410316944122314
2298,0.8990459442138672
2299,0.892207145690918
2300,0.8976163864135742
2301,1.0110681056976318
2302,1.4020440578460693
2303,1.4450762271881104
2304,0.9418063163757324
2305,0.8853452205657959
2306,0.9032471179962158
2307,0.9215295314788818
2308,0.9270782470703125
2309,0.9097657203674316
2310,0.9058279991149902
2311,0.9031238555908203
2312,0.8884212970733643
2313,0.9174063205718994
2314,0.9028220176696777
2315,1.3781142234802246
2316,1.4224598407745361
2317,1.0932562351226807
2318,0.8978235721588135
2319,0.8976259231567383
2320,0.9215335845947266
2321,0.9072344303131104
2322,0.8911788463592529
2323,0.9050803184509277
2324,0.9228434562683105
2325,0.9054570198059082
2326,0.9036571979522705
2327,0.8934886455535889
2328,1.154968023300171
2329,1.397409439086914
2330,1.3110954761505127
2331,0.8932304382324219
2332,0.9022314548492432
2333,0.9098949432373047
2334,0.9054884910583496
2335,0.9060838222503662
2336,0.901486873626709
2337,0.9159591197967529
2338,0.9106192588806152
2339,0.9086456298828125
2340,0.9235284328460693
2341,1.0285618305206299
2342,1.404414176940918
2343,1.4785552024841309
2344,0.9147517681121826
2345,0.9004137516021729
2346,0.9328172206878662
2347,0.924628734588623
2348,0.9053390026092529
2349,0.9231915473937988
2350,0.9192624092102051
2351,0.9194908142089844
2352,0.9367008209228516
2353,0.8934612274169922
2354,0.9520618915557861
2355,1.3694629669189453
2356,1.4642939567565918
2357,1.0905499458312988
2358,0.8998794555664062
2359,0.8934409618377686
2360,0.9136049747467041
2361,0.9049112796783447
2362,0.9036061763763428
2363,0.9032163619995117
2364,0.902531623840332
2365,0.8908252716064453
2366,0.9091029167175293
2367,0.9085812568664551
2368,1.273515224456787
2369,1.4240870475769043
2370,1.220163345336914
2371,0.9105901718139648
2372,0.8932318687438965
2373,0.903179407119751
2374,0.8877501487731934
2375,0.8928976058959961
2376,0.9057614803314209
2377,0.8990530967712402
2378,0.906897783279419
2379,0.9027237892150879
2380,0.905907154083252
2381,1.0930497646331787
2382,1.3948397636413574
2383,1.4476895332336426
2384,0.8959712982177734
2385,0.9048380851745605
2386,0.8924908638000488
2387,0.9023995399475098
2388,0.9170572757720947
2389,0.8970909118652344
2390,0.8935434818267822
2391,0.8908414840698242
2392,0.897083044052124
2393,0.9117388725280762
2394,0.9182710647583008
2395,1.4095375537872314
2396,1.513152837753296
2397,1.0436208248138428
2398,0.8854923248291016
2399,0.8991920948028564
2400,0.8937544822692871
2401,0.9058682918548584
2402,0.9205014705657959
2403,0.895470142364502
2404,0.9043059349060059
2405,0.903113842010498
2406,0.9044580459594727
2407,0.9119172096252441
2408,1.2415494918823242
2409,1.3690526485443115
2410,1.275233268737793
2411,0.8994908332824707
2412,0.9093377590179443
2413,0.8969109058380127
2414,0.9152617454528809
2415,0.9084763526916504
2416,0.8975493907928467
2417,0.8944001197814941
2418,0.9394874572753906
2419,0.8970255851745605
2420,0.8985142707824707
2421,1.0275683403015137
2422,1.381767749786377
2423,1.4472887516021729
2424,0.8995671272277832
2425,0.8948650360107422
2426,0.9063689708709717
2427,0.9162046909332275
2428,0.9053587913513184
2429,0.905282735824585
2430,0.8955132961273193
2431,0.9127936363220215
2432,0.891279935836792
2433,0.8965249061584473
2434,0.8945016860961914
2435,1.3278603553771973
2436,1.4168899059295654
2437,1.116422176361084
2438,0.8934314250946045
2439,0.8938686847686768
2440,0.8875505924224854
2441,0.9052145481109619
2442,0.9122052192687988
2443,0.9017119407653809
2444,0.8907754421234131
2445,0.9190902709960938
2446,0.8973824977874756
2447,0.8945662975311279
2448,1.1382319927215576
2449,1.370596170425415
2450,1.340332269668579
2451,0.90578293800354
2452,0.8923983573913574
2453,0.8982622623443604
2454,0.902667760848999
2455,0.9085972309112549
2456,0.9053211212158203
2457,0.8919107913970947
2458,0.909822940826416
2459,0.9123647212982178
2460,0.893927812576294
2461,0.9821791648864746
2462,1.3835296630859375
2463,1.4501993656158447
2464,0.9914069175720215
2465,0.8919658660888672
2466,0.891223669052124
2467,0.8944907188415527
2468,0.9144923686981201
2469,0.8948564529418945
2470,0.8984634876251221
2471,0.9120409488677979
2472,0.9138927459716797
2473,0.8996355533599854
2474,0.8830814361572266
2475,1.2403459548950195
2476,1.4108014106750488
2477,1.2325685024261475
2478,0.8929784297943115
2479,0.9437644481658936
2480,0.8987836837768555
2481,0.8755567073822021
2482,0.8878581523895264
2483,0.9008679389953613
2484,0.897174596786499
2485,0.9011609554290771
2486,0.8893375396728516
2487,0.9070131778717041
2488,1.043149709701538
2489,1.3966093063354492
2490,1.4362356662750244
2491,0.9345791339874268
2492,0.9169595241546631
2493,0.9033453464508057
2494,0.8965342044830322
2495,0.8968501091003418
2496,0.9033055305480957
2497,0.8911957740783691
2498,0.8766565322875977
2499,0.9068968296051025
2500,0.8926880359649658
2501,0.9069316387176514
2502,1.312326431274414
2503,1.461076021194458
2504,1.1060984134674072
2505,0.9312160015106201
2506,0.887643575668335
2507,0.891836404800415
2508,0.8972465991973877
2509,0.8950328826904297
2510,0.8977596759796143
2511,0.8983926773071289
2512,0.906407356262207
2513,0.886974573135376
2514,0.8767626285552979
2515,1.1333963871002197
2516,1.4033708572387695
2517,1.3756678104400635
2518,0.892247200012207
2519,0.9055135250091553
2520,0.9006567001342773
2521,0.9082274436950684
2522,0.8913137912750244
2523,0.890601634979248
2524,0.8907649517059326
2525,0.8992080688476562
2526,0.8963758945465088
2527,0.8930120468139648
2528,0.9477853775024414
2529,1.3928701877593994
2530,1.4412529468536377
2531,1.0202178955078125
2532,0.9002633094787598
2533,0.8927826881408691
2534,0.8902254104614258
2535,0.8853225708007812
2536,0.9279928207397461
2537,0.8807520866394043
2538,0.9025652408599854
2539,0.8942382335662842
2540,0.900482177734375
2541,0.946643590927124
2542,1.2268400192260742
2543,1.3850643634796143
2544,1.2656595706939697
2545,0.8942997455596924
2546,0.900073766708374
2547,0.8969449996948242
2548,0.8946819305419922
2549,0.9004881381988525
2550,0.8977646827697754
2551,0.8859291076660156
2552,0.8990190029144287
2553,0.9151103496551514
2554,0.8983864784240723
2555,1.008193016052246
2556,1.3960227966308594
2557,1.4349212646484375
2558,0.932121753692627
2559,0.8970229625701904
2560,0.8920741081237793
2561,0.8879668712615967
2562,0.9048306941986084
2563,0.8790745735168457
2564,0.9032046794891357
2565,0.885690450668335
2566,0.9336578845977783
2567,0.8968045711517334
2568,0.8959016799926758
2569,1.291534423828125
2570,1.4158434867858887
2571,1.0759963989257812
2572,0.9036755561828613
2573,0.903925895690918
2574,0.8993833065032959
2575,0.8957836627960205
2576,0.8784422874450684
2577,0.9076917171478271
2578,0.9041125774383545
2579,0.8890914916992188
2580,0.9065971374511719
2581,0.902916431427002
2582,1.1401336193084717
2583,1.3650765419006348
2584,1.3612921237945557
2585,0.900733470916748
2586,0.889646053314209
2587,0.8812777996063232
2588,0.8941695690155029
2589,0.8901028633117676
2590,0.8965630531311035
2591,0.904287576675415
2592,0.918992280960083
2593,0.90718674659729
2594,0.8925225734710693
2595,0.8904421329498291
2596,1.3900666236877441
2597,1.4609956741333008
2598,1.0404155254364014
2599,0.8896856307983398
2600,0.881603479385376
2601,0.9001748561859131
2602,0.9275479316711426
2603,0.8943281173706055
2604,0.8937320709228516
2605,0.8977899551391602
2606,0.9074769020080566
2607,0.894934892654419
2608,0.9021973609924316
2609,1.15509033203125
